text_ID,flair_score,textblob_polarity,textblob_subjectivity,vader_pos,vader_neu,vader_neg,vader_com
0,-0.9168,0.11909789420818832,0.3987239693857341,0.161,0.781,0.058,0.9991
1,-0.9231,0.012287958954625625,0.3702396985730318,0.046,0.887,0.067,-0.9759
2,-0.9994,0.04774607101137713,0.4003547888241765,0.067,0.872,0.061,0.689
3,-0.8206,0.1561946386946387,0.46191593662747515,0.135,0.835,0.03,0.9979
4,-0.9998,-0.04024242424242424,0.3598927738927739,0.06,0.917,0.023,0.9246
5,-0.7057,0.04681241765480896,0.4112156502917372,0.142,0.818,0.04,0.9956
6,-0.8849,0.07912337662337664,0.35499027542505784,0.103,0.867,0.031,0.9908
7,-0.9973,0.0328727120832384,0.4341461608566871,0.085,0.864,0.051,0.986
8,-0.5528,0.1012027227158806,0.3676703121439964,0.1,0.886,0.014,0.969
9,-0.9969,0.0328727120832384,0.4341461608566871,0.08,0.868,0.051,0.981
10,-0.9964,0.05110614425831817,0.37590150992324917,0.06,0.876,0.063,-0.85
11,-0.9999,-0.33125,0.44375,0.165,0.73,0.104,0.4795
12,0.6901,0.0,0.0,0.215,0.785,0.0,0.75
13,-0.9994,-0.004050116550116554,0.35049533799533794,0.097,0.815,0.088,0.3742
14,-0.9996,-0.050824175824175824,0.2087912087912088,0.023,0.946,0.031,-0.3182
15,-0.9981,-0.06722222222222222,0.4191452991452992,0.005,0.93,0.065,-0.9648
16,-0.9862,0.12291666666666665,0.3645833333333333,0.094,0.833,0.073,0.3818
17,0.6382,0.12038248788248787,0.4582166907166908,0.102,0.84,0.059,0.9921
18,-0.9985,0.11698015873015875,0.4683639632936507,0.088,0.853,0.059,0.9918
19,-0.9571,0.17708333333333334,0.37377136752136747,0.086,0.868,0.045,0.8779
20,-0.9071,0.04591880841880843,0.30785200785200784,0.077,0.801,0.123,-0.9977
21,-0.995,0.14330357142857147,0.430654761904762,0.07,0.881,0.049,0.6275
22,-0.9973,0.03794871794871795,0.31461538461538463,0.0,0.921,0.079,-0.9325
23,-0.9997,0.04748307248307248,0.41904206904206903,0.065,0.916,0.019,0.9764
24,-0.9989,0.09854166666666667,0.47942129629629626,0.069,0.879,0.052,0.8842
25,-1.0,-0.043561373267255614,0.4052587445234504,0.06,0.833,0.106,-0.9568
26,0.6321,0.10004710975299211,0.3309530175706647,0.124,0.789,0.087,0.85
27,0.5508,0.10964912280701752,0.46096491228070174,0.087,0.783,0.13,-0.891
28,-0.9992,0.08899749373433584,0.48963659147869676,0.076,0.841,0.082,-0.128
29,-0.9952,-0.04039256198347107,0.32347500983864613,0.048,0.897,0.055,-0.6705
30,-0.9999,0.015459703057359315,0.3608174377705628,0.051,0.868,0.081,-0.9966
31,-0.9985,0.015175264550264547,0.4572987891737892,0.033,0.936,0.031,0.2263
32,-0.9997,0.5,0.6944444444444444,0.23,0.77,0.0,0.8065
33,-0.9986,0.08626436781609197,0.4123651635720601,0.025,0.963,0.012,0.5106
34,-0.9995,0.08510674931129478,0.3338154269972452,0.156,0.814,0.03,0.9949
35,-0.9179,0.0455103128268266,0.30933052676171935,0.078,0.795,0.127,-0.9975
36,-0.5662,0.06941176470588237,0.37519607843137254,0.096,0.841,0.062,0.4228
37,-0.9307,0.04997447232616725,0.3179794311150244,0.077,0.791,0.131,-0.9982
38,-0.7105,0.15638368218265125,0.45981404620579863,0.118,0.849,0.033,0.9977
39,-0.9997,-0.006919191919191931,0.30434343434343436,0.021,0.956,0.022,0.2023
40,-0.9998,0.037500000000000006,0.2833333333333333,0.015,0.985,0.0,0.25
41,-0.9988,0.001663442940038683,0.31466535237811843,0.046,0.849,0.105,-0.993
42,-0.9996,0.033730856956663405,0.3969224503095468,0.114,0.856,0.029,0.9993
43,-0.8466,0.05440476190476191,0.337478354978355,0.048,0.913,0.038,0.6124
44,0.9963,0.18635247756010462,0.5258168855626482,0.157,0.818,0.025,0.9962
45,-0.9787,-0.00013020833333333287,0.3029097985347985,0.094,0.882,0.024,0.9785
46,-0.9945,-0.05375781625781625,0.5390392015392015,0.057,0.847,0.096,-0.9737
47,-0.9999,0.06644619666048238,0.2831672850958566,0.143,0.749,0.107,0.913
48,-0.9564,0.1932860235003092,0.43054359925788493,0.167,0.785,0.047,0.9979
49,-0.6195,0.0949845509167543,0.3795061184891695,0.1,0.75,0.15,-0.999
50,-0.9875,0.013463718820861678,0.4488321995464853,0.07,0.831,0.1,-0.891
51,-0.8057,0.0060665478312537146,0.2821390374331551,0.106,0.84,0.054,0.9676
52,-0.9999,-0.33125,0.44375,0.165,0.73,0.104,0.4795
53,-0.9965,0.08405067155067157,0.2981990231990232,0.08,0.809,0.112,-0.9446
54,-0.9993,0.08094135802469135,0.39783950617283953,0.092,0.808,0.099,-0.5096
55,-0.9914,0.0806090909090909,0.3144969696969697,0.139,0.794,0.067,0.9973
56,-0.8951,0.12124060150375941,0.4544486215538847,0.057,0.899,0.044,0.7783
57,-0.9844,-0.045767195767195755,0.40211640211640204,0.036,0.836,0.127,-0.9732
58,-0.9993,0.06326078869047619,0.4675830853174603,0.063,0.867,0.07,-0.036
59,0.7962,-0.011111111111111108,0.3055555555555556,0.027,0.949,0.024,0.0772
60,0.9494,0.1,0.4,0.161,0.839,0.0,0.3612
61,-0.997,0.011447811447811448,0.2516835016835016,0.084,0.865,0.05,0.7812
62,-0.9987,0.07430892255892256,0.4252166907166907,0.098,0.835,0.067,0.9895
63,-0.6825,0.08077048333929066,0.3836371579490844,0.122,0.799,0.079,0.9939
64,-0.5675,0.0948642266824085,0.2953266430539158,0.074,0.891,0.035,0.6694
65,-0.9961,0.02915205005722248,0.38150998905309247,0.081,0.855,0.063,0.9215
66,-0.9994,0.12081754604031837,0.46765272955866993,0.078,0.847,0.075,-0.1808
67,-0.965,-0.028795895462562133,0.3356341189674523,0.095,0.835,0.069,0.9469
68,-0.999,0.09475599819175239,0.43774171824451186,0.09,0.83,0.079,0.987
69,-0.9994,0.09485887445887446,0.36890735930735913,0.065,0.855,0.08,-0.3687
70,-1.0,0.002711149394822858,0.26796978531672405,0.044,0.933,0.022,0.9391
71,-0.8819,-0.04977777777777778,0.41384920634920624,0.039,0.893,0.068,-0.9442
72,-0.9995,0.05537828057359307,0.29883658008658015,0.149,0.79,0.061,0.9947
73,0.7435,0.099,0.2376666666666667,0.082,0.86,0.058,0.6851
74,-0.8992,-0.03443181818181819,0.2808225108225108,0.052,0.897,0.051,-0.4019
75,-0.9995,0.07528490585719504,0.4257278464507382,0.081,0.855,0.064,0.9965
76,-0.918,0.0747384391309625,0.3940947525994255,0.142,0.762,0.096,0.9933
77,-0.9996,0.08444805194805197,0.4273538961038962,0.158,0.799,0.043,0.9891
78,-0.9739,0.04419074465586094,0.3558210007047215,0.054,0.894,0.053,0.8502
79,-0.9995,0.21904761904761902,0.3380952380952381,0.263,0.713,0.024,0.9951
80,-0.949,0.09404904306220097,0.3634968102073366,0.107,0.852,0.041,0.9653
81,0.816,0.09493506493506494,0.19325974025974027,0.043,0.957,0.0,0.9836
82,-0.9985,0.12468160440382664,0.46554606915718033,0.093,0.813,0.094,-0.1471
83,-0.9998,0.04144359371971313,0.42891645667765066,0.071,0.867,0.062,0.6891
84,-0.9248,0.13636363636363635,0.45454545454545453,0.0,0.929,0.071,-0.3491
85,-0.9428,0.0444664250478204,0.393346924393436,0.121,0.797,0.083,0.9817
86,-0.6302,0.05645454545454545,0.3975151515151516,0.175,0.8,0.025,0.9803
87,-0.9661,0.17343750000000002,0.3921875,0.053,0.947,0.0,0.6544
88,-0.9971,-0.05127551020408162,0.3596938775510204,0.039,0.858,0.103,-0.6908
89,-0.975,0.04314558629776021,0.37712779973649546,0.075,0.861,0.064,0.5584
90,-0.9992,0.0583901758901759,0.45133740883740897,0.092,0.798,0.11,-0.9783
91,-0.9998,0.07691258321510429,0.5046745971115718,0.11,0.814,0.077,0.9859
92,-0.7981,0.11408234126984126,0.4418067956349206,0.063,0.883,0.055,0.86
93,-0.9935,-0.026785714285714284,0.3146825396825397,0.028,0.912,0.06,-0.5423
94,-0.9994,-0.035385918003565074,0.36225609031491385,0.042,0.809,0.149,-0.9998
95,0.9914,0.17142857142857146,0.4,0.153,0.847,0.0,0.9442
96,-0.9992,0.09794330162943302,0.43747585342475853,0.127,0.804,0.069,0.9979
97,-0.9985,0.15133968253968255,0.4943174603174603,0.067,0.843,0.09,-0.8855
98,-0.9244,0.0841660417447819,0.36696350456192983,0.108,0.801,0.091,0.9777
99,-0.9948,0.09623128607503606,0.2803278318903319,0.102,0.843,0.055,0.9926
100,0.9978,0.0616295667716122,0.4228770251213433,0.125,0.819,0.056,0.9913
101,-0.9994,0.004305555555555552,0.27760003885003887,0.015,0.967,0.018,-0.34
102,-0.9962,0.0676010101010101,0.4458270202020201,0.141,0.803,0.056,0.992
103,-0.9992,-0.0008397932816537444,0.42855297157622735,0.061,0.894,0.045,0.8779
104,-0.9936,0.0923051513412959,0.4536279316399797,0.114,0.786,0.1,0.1953
105,-0.9991,0.021545930428909177,0.4462858831475853,0.047,0.875,0.079,-0.9801
106,-0.9943,0.049737089509816756,0.3954600113691023,0.079,0.807,0.114,-0.947
107,-0.6663,-0.0488888888888889,0.5187301587301587,0.047,0.79,0.163,-0.9538
108,-0.9484,0.06046815727228098,0.31966394430311956,0.091,0.84,0.069,0.9804
109,-0.9808,0.07621527777777778,0.30190972222222223,0.085,0.847,0.068,0.7906
110,-0.9995,0.009238855116514691,0.34536474164133735,0.034,0.891,0.075,-0.9011
111,-0.5789,0.03497850783867735,0.37468978996521357,0.057,0.895,0.048,0.6265
112,-0.9997,0.03372311388820822,0.3829910799368345,0.123,0.843,0.034,0.9996
113,-0.9981,-0.0026833607006020816,0.3516207738621531,0.005,0.925,0.07,-0.9714
114,-0.9825,0.059126984126984125,0.4492063492063492,0.065,0.874,0.061,0.0
115,-0.9956,0.12047123015873015,0.4647371031746032,0.077,0.867,0.057,0.6183
116,-0.9953,0.02106853417899931,0.35464059196617315,0.106,0.816,0.079,0.9748
117,-0.9932,0.020371148459383752,0.4027380952380953,0.048,0.912,0.04,0.3353
118,-0.997,0.1477457757296467,0.4139861751152073,0.089,0.848,0.063,0.7876
119,0.6608,0.11440505050505055,0.39905481962481976,0.085,0.88,0.035,0.9994
120,-0.9967,0.23347826086956514,0.4634420289855072,0.12,0.857,0.023,0.9868
121,0.5565,0.11452380952380951,0.43737012987012985,0.141,0.837,0.022,0.9826
122,-0.6152,0.06891843434343435,0.3520929292929293,0.158,0.783,0.059,0.9966
123,-0.9755,0.18,0.29333333333333333,0.058,0.902,0.04,0.2263
124,-0.926,0.07856942950891996,0.3860378368977097,0.087,0.853,0.06,0.9944
125,-0.9574,0.08928571428571429,0.4659663865546219,0.073,0.881,0.046,0.8176
126,-0.7834,0.06982136337558024,0.37256767329056484,0.088,0.807,0.105,-0.9424
127,-0.9889,-0.0030241935483870993,0.3827956989247312,0.024,0.95,0.026,-0.4324
128,-0.9997,0.020827067669172937,0.3127568922305764,0.072,0.862,0.066,0.0772
129,-0.9178,0.016931586931586935,0.3526460576460577,0.036,0.899,0.066,-0.9069
130,0.9964,0.07419913419913417,0.3477705627705628,0.136,0.824,0.04,0.997
131,-0.7438,0.110890756302521,0.43479738562091486,0.128,0.833,0.038,0.9973
132,-0.9999,0.11577180535513873,0.40404240820907494,0.118,0.827,0.055,0.9987
133,0.8803,0.3181818181818181,0.5,0.353,0.647,0.0,0.9022
134,-0.9527,-0.010897435897435897,0.2724358974358974,0.083,0.887,0.03,0.8735
135,-0.873,0.05502806813782423,0.33733546264034053,0.114,0.839,0.047,0.9953
136,-0.9867,0.05916909620991254,0.42571914480077755,0.112,0.836,0.052,0.9788
137,-0.9979,0.040909090909090916,0.5109848484848485,0.06,0.865,0.075,-0.4138
138,-0.8434,0.07876960221839743,0.44864518680783744,0.132,0.826,0.041,0.9994
139,0.982,0.006666666666666666,0.07999999999999999,0.041,0.959,0.0,0.2732
140,-0.9987,0.07930600649350648,0.5579247835497835,0.065,0.893,0.042,0.9592
141,-0.9999,0.04974668285643897,0.37997765107521203,0.067,0.89,0.044,0.962
142,-0.9901,0.018913043478260862,0.31043478260869567,0.051,0.886,0.063,-0.5785
143,-0.9997,0.06122448979591836,0.2509070294784581,0.025,0.962,0.012,0.644
144,-0.996,0.05659737771806735,0.3810407025924268,0.07,0.808,0.122,-0.9726
145,-0.9989,-0.07498866213151925,0.4902947845804989,0.046,0.877,0.077,-0.9553
146,-0.8649,0.09518044733044735,0.3742196026196027,0.086,0.86,0.054,0.9961
147,-0.9915,-0.06223544973544973,0.3577875167160881,0.037,0.884,0.079,-0.9464
148,-0.918,0.06600955648125459,0.39781262762394837,0.138,0.767,0.095,0.9926
149,-0.9927,0.031224173553719006,0.3238722451790634,0.094,0.826,0.08,0.7579
150,0.8705,-0.05877976190476189,0.5561755952380951,0.142,0.78,0.078,0.967
151,-0.9993,-0.01338624338624337,0.4631603581603582,0.043,0.883,0.074,-0.9918
152,-0.9868,0.023290598290598298,0.5096866096866097,0.055,0.907,0.038,0.8494
153,-0.9999,0.022205687830687833,0.3403108465608466,0.045,0.902,0.053,-0.3174
154,-0.9924,0.05035898197662903,0.3608189740542682,0.054,0.856,0.09,-0.9822
155,-0.9996,0.060549405057601785,0.4037010917133868,0.091,0.828,0.081,0.8581
156,-0.9995,0.211525974025974,0.3949675324675325,0.097,0.828,0.074,0.5699
157,-0.9691,-0.06917293233082705,0.3556390977443609,0.087,0.807,0.106,-0.7717
158,-0.9918,0.07338220918866079,0.3092668621700879,0.068,0.867,0.065,0.7851
159,0.816,0.09493506493506494,0.19325974025974027,0.043,0.957,0.0,0.9836
160,-0.9986,0.08337095444238299,0.3821438878581733,0.151,0.772,0.077,0.9925
161,-0.9993,0.05991156462585031,0.45001386708529567,0.093,0.872,0.035,0.9946
162,-0.9998,0.015212148962148961,0.2955479242979243,0.156,0.763,0.08,0.9842
163,-0.9972,0.06732881374390808,0.37945719724021626,0.117,0.8,0.084,0.9977
164,-0.995,0.10906926406926407,0.39863365800865797,0.082,0.84,0.078,0.6341
165,-0.9884,0.11133614875462702,0.4263738314825271,0.141,0.783,0.076,0.9961
166,-0.994,0.09098039215686274,0.30411764705882355,0.14,0.836,0.024,0.9905
167,-0.9995,0.06206073076443447,0.4050727359060691,0.101,0.842,0.057,0.9928
168,-0.9971,-0.04333297258297258,0.35492117604617596,0.083,0.875,0.042,0.9618
169,-0.8843,0.0,0.0,0.0,1.0,0.0,0.0
170,-0.9513,0.20333193041526376,0.44554573512906853,0.159,0.788,0.052,0.995
171,0.9978,0.028638357256778314,0.35956937799043065,0.075,0.87,0.055,0.3216
172,-0.9982,-0.03458024691358025,0.4177283950617283,0.055,0.843,0.102,-0.9865
173,-0.9997,0.04282725847540664,0.33976386439349393,0.058,0.888,0.054,0.3056
174,-0.9735,0.10416230158730158,0.44610824314574293,0.184,0.734,0.083,0.9997
175,-0.9198,0.07902116402116403,0.37687016687016694,0.073,0.858,0.068,-0.3291
176,-0.9911,0.05495411706349206,0.23955853174603176,0.081,0.867,0.052,0.915
177,-0.9988,0.07034435261707989,0.4589256198347108,0.085,0.846,0.069,0.5709
178,-0.9996,0.07199074074074074,0.42106481481481484,0.097,0.873,0.03,0.9266
179,0.8803,0.3181818181818181,0.5,0.353,0.647,0.0,0.9022
180,-0.9999,0.02458170817081709,0.4748744874487447,0.055,0.899,0.045,0.9324
181,-0.9998,0.06192359519565402,0.4792620267804091,0.077,0.874,0.049,0.9931
182,-0.9958,0.05,0.45,0.066,0.794,0.14,-0.4215
183,-0.9991,0.11462662337662337,0.42755411255411246,0.079,0.856,0.065,0.6486
184,-0.9978,0.03339507318078747,0.37236301793444654,0.138,0.815,0.046,0.9992
185,-0.9888,0.066987197556965,0.508316336118662,0.141,0.751,0.109,0.995
186,-0.5962,0.08516483516483517,0.34345238095238106,0.137,0.859,0.004,0.9918
187,-0.9974,-0.018991200946088155,0.5503859757619158,0.091,0.791,0.118,-0.9972
188,0.9815,0.16857142857142857,0.40015873015873016,0.132,0.798,0.07,0.9769
189,-0.9973,0.06007561092926949,0.36585178146153746,0.106,0.816,0.078,0.9918
190,-0.9987,-0.0776094276094276,0.3887205387205387,0.047,0.883,0.07,-0.8939
191,-0.9982,0.03887962962962963,0.4304259259259258,0.027,0.898,0.075,-0.9474
192,-0.9944,-0.018924731182795692,0.3654185867895544,0.033,0.931,0.035,0.7383
193,0.9324,0.13209872279021218,0.48347187682294057,0.131,0.818,0.051,0.9976
194,-0.983,0.060424332611832623,0.3260703978561121,0.064,0.91,0.025,0.9729
195,0.9924,0.21428571428571427,0.6428571428571429,0.215,0.696,0.089,0.7184
196,0.9787,0.1318319844406801,0.4160882113056025,0.228,0.72,0.053,0.9995
197,-0.9751,0.10454545454545454,0.3409090909090909,0.076,0.85,0.074,-0.2732
198,-0.9999,0.0,0.05897435897435898,0.027,0.973,0.0,0.2732
199,-0.9957,-0.012156327362749368,0.3739409494684724,0.041,0.867,0.092,-0.9936
200,-0.9994,0.01808557852965746,0.3994731511178881,0.058,0.837,0.105,-0.9996
201,-0.971,-0.01204581529581529,0.39145057720057724,0.041,0.87,0.089,-0.9928
202,-0.9984,0.01805555555555556,0.2841666666666666,0.103,0.806,0.091,0.7243
203,-0.9987,0.09426962676962676,0.37276705276705274,0.161,0.782,0.057,0.9981
204,-0.9535,0.05328884078884079,0.2322991822991823,0.089,0.863,0.048,0.9627
205,-0.8773,0.00993492063492063,0.3300174603174602,0.1,0.868,0.032,0.9707
206,-0.9934,0.1075796425796426,0.3543861693861694,0.125,0.833,0.042,0.9887
207,-0.9949,-0.01420456572141965,0.38950775815944344,0.088,0.829,0.083,0.8723
208,-0.9998,0.06723551302498672,0.3959702286018077,0.114,0.814,0.072,0.9708
209,-0.9958,0.10369841269841269,0.4254104308390023,0.063,0.885,0.053,0.26
210,0.9989,0.13094809617798128,0.42637349134475605,0.101,0.872,0.027,0.9998
211,-0.9949,0.11567054263565892,0.49849612403100774,0.027,0.883,0.09,-0.9335
212,-0.9992,0.09824561403508772,0.36381578947368426,0.052,0.906,0.042,0.6697
213,0.7616,0.09322916666666667,0.2875,0.044,0.898,0.058,0.0516
214,-0.9965,0.0667467833092833,0.42626518157768145,0.197,0.74,0.063,0.9997
215,-0.9506,0.018076923076923077,0.4742307692307693,0.123,0.87,0.008,0.9595
216,-0.997,0.030205627705627704,0.5043815708101422,0.101,0.793,0.106,-0.3895
217,-0.9905,0.05211628649128651,0.4302852062467448,0.158,0.786,0.055,0.9991
218,0.9877,0.10534437146506113,0.44739919722678334,0.179,0.806,0.016,0.9994
219,-0.9978,0.024615384615384612,0.4268639053254436,0.062,0.845,0.094,-0.9695
220,-0.7731,-0.03674122174122174,0.4091798941798942,0.068,0.824,0.108,-0.9723
221,-0.7365,0.07554682159945318,0.39975506949191164,0.071,0.895,0.035,0.8988
222,-0.7631,0.2015825584671739,0.4686956889264581,0.09,0.839,0.071,0.9693
223,-0.995,-0.004112373737373736,0.34958731546231536,0.041,0.903,0.056,-0.4748
224,-0.9965,0.21666666666666665,0.25,0.04,0.96,0.0,0.2263
225,0.5283,0.1494107744107744,0.2958754208754209,0.01,0.99,0.0,0.3182
226,-0.9977,0.0053142857142857115,0.34155262515262524,0.032,0.858,0.11,-0.9959
227,-0.9993,-0.03514547468035842,0.31264723648444576,0.093,0.804,0.104,-0.7776
228,-0.5738,-0.05823204573204574,0.5317834942834944,0.076,0.822,0.102,-0.8852
229,-0.9399,0.17155697905697906,0.4946944346944347,0.121,0.725,0.154,-0.9162
230,0.6428,0.07510484307359307,0.4635230654761904,0.149,0.792,0.058,0.9977
231,-0.9992,0.11737598792644666,0.3705388113415638,0.131,0.809,0.06,0.9988
232,-0.9975,0.02863298738298739,0.276563899063899,0.066,0.842,0.092,-0.9869
233,-0.9955,0.1383333333333333,0.4692307692307693,0.033,0.967,0.0,0.8225
234,-0.9557,0.10365608853512079,0.5202974444909928,0.173,0.806,0.021,0.999
235,-0.9066,0.005229468599033816,0.37855676328502424,0.048,0.862,0.09,-0.9933
236,-0.8656,0.09986088959773164,0.37783714336345897,0.144,0.807,0.049,0.9982
237,-0.9998,0.10750661375661377,0.4285383597883598,0.085,0.821,0.094,-0.5018
238,-0.9976,0.0014285714285714236,0.4442857142857143,0.07,0.821,0.109,-0.6486
239,-0.9986,0.06359126984126985,0.4151587301587301,0.06,0.89,0.05,0.5006
240,-0.8777,0.13152403152403153,0.44156599573266225,0.094,0.836,0.07,0.987
241,-0.9988,0.04358703312191685,0.3899577167019027,0.104,0.846,0.05,0.9753
242,0.8373,0.09618283231919596,0.41802757848212363,0.068,0.901,0.031,0.9921
243,0.7627,0.11337151841868826,0.3505772686433064,0.114,0.853,0.033,0.9913
244,-0.9893,0.06547527718413791,0.34478590151058536,0.097,0.856,0.047,0.9948
245,0.9985,0.012398871620183095,0.4049615002483855,0.086,0.832,0.082,-0.0534
246,-0.9982,0.11830480125934674,0.4359965791783973,0.031,0.957,0.013,0.8664
247,-0.9971,0.036907242063492066,0.3835168650793651,0.077,0.891,0.032,0.9734
248,-0.9714,0.07991452991452992,0.5223290598290599,0.062,0.891,0.047,0.8358
249,-0.9951,0.06356646825396826,0.5021043192918192,0.119,0.861,0.02,0.9806
250,-0.9999,0.03502259436469964,0.41399022447894634,0.109,0.799,0.092,0.9719
251,-0.9996,0.10941362319338509,0.3982083018392544,0.096,0.843,0.061,0.9957
252,-0.9968,0.06425123845226938,0.41059936626946947,0.091,0.814,0.095,-0.9287
253,0.8803,0.3181818181818181,0.5,0.353,0.647,0.0,0.9022
254,-0.9432,0.09562289562289561,0.4422769360269361,0.16,0.795,0.046,0.9899
255,-0.9868,0.0711898395721925,0.3380347593582888,0.063,0.904,0.032,0.91
256,-0.9952,0.0780812324929972,0.3134453781512605,0.115,0.808,0.076,0.9829
257,-0.9952,-0.0375,0.46785714285714297,0.103,0.827,0.069,0.5584
258,-0.9652,0.09469187213752427,0.389514320220842,0.129,0.83,0.041,0.9987
259,-0.9977,0.05904297376900117,0.41203423669177097,0.108,0.809,0.083,0.9387
260,-0.9987,0.05166495090275577,0.43581987118572474,0.066,0.867,0.067,0.431
261,-0.9649,0.03793685481185481,0.41812479187479157,0.153,0.804,0.043,0.9991
262,-0.9986,0.09424242424242425,0.5003636363636363,0.058,0.91,0.032,0.8016
263,-0.9959,0.08922776148582601,0.45507820136852395,0.074,0.824,0.101,-0.9024
264,-0.9982,0.05881111712361713,0.38219303150553163,0.088,0.769,0.143,-0.9999
265,-0.9998,0.05496255848528577,0.4504347588438498,0.107,0.845,0.048,0.9952
266,-0.9996,0.08240713861302096,0.416370978694508,0.119,0.831,0.05,0.998
267,-0.9719,0.15259412304866848,0.3715794306703398,0.155,0.803,0.041,0.988
268,-0.9977,0.06309523809523811,0.40188492063492065,0.092,0.856,0.052,0.8908
269,-0.9996,0.013492063492063491,0.361295351473923,0.088,0.862,0.05,0.9151
270,-0.9755,0.18,0.29333333333333333,0.058,0.902,0.04,0.2263
271,-0.9999,0.014646464646464649,0.43156565656565665,0.061,0.799,0.14,-0.9935
272,-0.9604,0.1312030656418412,0.47862885413905826,0.128,0.804,0.068,0.9811
273,0.5679,0.07529035457296329,0.3653659215180954,0.143,0.795,0.062,0.9998
274,-0.9754,0.0569510582010582,0.23886243386243386,0.097,0.841,0.062,0.915
275,-0.9259,0.028222349545878975,0.38819603599015357,0.118,0.781,0.101,0.9703
276,-0.9874,0.13579328440656566,0.45563762626262627,0.088,0.885,0.026,0.9015
277,-0.9901,0.07477955576169862,0.3423623136123137,0.109,0.812,0.079,0.9526
278,-0.9805,0.1351190476190476,0.5006987577639751,0.168,0.725,0.107,0.9879
279,-0.8325,-0.1875,0.473076923076923,0.029,0.919,0.052,-0.2846
280,-0.9515,0.11407325809111515,0.47278705421562567,0.071,0.89,0.039,0.9813
281,-0.7254,0.11990678990678988,0.3925230425230423,0.144,0.802,0.053,0.9983
282,-0.9885,0.09313289141414141,0.3362113320707071,0.106,0.886,0.008,0.997
283,-0.9846,0.07611111111111112,0.3231196581196582,0.054,0.938,0.008,0.886
284,-0.9967,0.08447637417115944,0.45205142573854223,0.139,0.785,0.076,0.9991
285,-0.9792,0.08912052859421282,0.4170350117718538,0.099,0.855,0.047,0.9947
286,-0.7962,0.0,0.0,0.0,1.0,0.0,0.0
287,-0.9321,0.0,1.0,0.083,0.917,0.0,0.4019
288,-0.7407,0.11872387669801462,0.37759273772204804,0.198,0.781,0.021,0.9977
289,-0.7518,0.11132385632385634,0.28936351936351934,0.071,0.878,0.05,0.9427
290,0.9939,0.17161854256854256,0.5632036075036073,0.178,0.776,0.046,0.9977
291,-0.997,-0.016655982905982917,0.3727457264957264,0.064,0.871,0.065,-0.5106
292,-0.9929,0.0,0.03538461538461539,0.022,0.978,0.0,0.3182
293,-0.9997,0.07947368421052631,0.34508771929824555,0.097,0.84,0.063,0.8407
294,-0.9983,0.10637673729778993,0.4386221234905444,0.119,0.859,0.022,0.9925
295,0.5838,0.12381422924901188,0.36017786561264825,0.06,0.927,0.013,0.9552
296,-0.9635,0.07997556043330692,0.41634554803568885,0.091,0.826,0.083,0.7027
297,-0.9998,0.05181162272071364,0.4067732988512208,0.098,0.833,0.069,0.9937
298,-0.9935,-0.02665378724589251,0.34917362851573375,0.025,0.913,0.062,-0.9713
299,-0.94,0.09857142857142859,0.3395531135531136,0.064,0.868,0.069,-0.5484
300,-0.9999,0.03560044893378227,0.39648709315375985,0.101,0.827,0.072,0.9112
301,-0.9848,0.07760732323232325,0.3884723967788483,0.121,0.774,0.104,0.9602
302,0.9263,0.10754079254079255,0.41171717171717176,0.1,0.854,0.046,0.9834
303,-0.6535,0.20937938353636032,0.48497969730527846,0.146,0.787,0.067,0.9985
304,-0.9994,-0.03568181818181818,0.3502272727272727,0.069,0.855,0.076,-0.5267
305,-0.9997,0.5,0.6944444444444444,0.23,0.77,0.0,0.8065
306,-0.9822,0.16407905586477017,0.444835987425273,0.109,0.831,0.06,0.9911
307,-0.9993,0.08040123456790121,0.4107407407407407,0.037,0.802,0.161,-0.9989
308,-0.9872,0.06811027611589408,0.4001980073609286,0.072,0.86,0.069,-0.0817
309,-0.9994,0.03994197292069633,0.3806254029658284,0.104,0.85,0.046,0.9846
310,-0.996,0.04335445141624917,0.3499957844901664,0.086,0.822,0.092,-0.9641
311,-0.9973,0.0457986111111111,0.3757638888888889,0.069,0.848,0.084,-0.9296
312,0.9402,0.10121182672203079,0.3876454044821392,0.089,0.855,0.057,0.9793
313,-0.9966,-0.015903829966329972,0.35753893097643097,0.08,0.821,0.099,-0.7607
314,-0.9991,0.09496825396825398,0.40088888888888885,0.141,0.753,0.107,0.95
315,-0.9912,0.1694424120480459,0.48314127187366607,0.142,0.83,0.029,0.9987
316,-0.9505,-0.0773905723905724,0.3084511784511784,0.0,1.0,0.0,0.0
317,0.9353,0.12016666666666667,0.31233333333333335,0.074,0.903,0.022,0.9601
318,-0.9905,0.046794871794871795,0.3084319526627219,0.014,0.97,0.017,-0.0644
319,-0.9967,0.052891963109354394,0.4182872200263503,0.07,0.891,0.039,0.9304
320,-0.9866,0.1551211011211011,0.4726877566877566,0.099,0.843,0.058,0.9909
321,0.9924,0.21428571428571427,0.6428571428571429,0.215,0.696,0.089,0.7184
322,-0.9444,0.0919563308303255,0.4589060753068795,0.13,0.772,0.098,0.9993
323,-0.9999,-0.0796198776254956,0.5184513177209806,0.05,0.821,0.129,-0.9985
324,0.9944,0.014285714285714287,0.3678571428571429,0.054,0.946,0.0,0.836
325,-0.9981,-0.009821428571428571,0.36391178266178265,0.065,0.899,0.036,0.719
326,-0.8318,-0.041666666666666664,0.49166666666666664,0.148,0.818,0.033,0.765
327,-0.9928,0.038719750195160045,0.34608704137392676,0.062,0.858,0.08,-0.9716
328,-0.9822,0.16407905586477017,0.444835987425273,0.109,0.831,0.06,0.9911
329,-0.9822,0.16407905586477017,0.444835987425273,0.109,0.831,0.06,0.9911
330,-0.504,0.225,0.3,0.067,0.933,0.0,0.1655
331,-0.7532,0.20766622574955915,0.47268430335096967,0.151,0.783,0.067,0.9987
332,-0.9904,0.1879787457912458,0.517328292849126,0.131,0.835,0.034,0.9997
333,-0.9197,0.058204966329966315,0.43507776174442836,0.068,0.858,0.074,-0.9114
334,-0.9866,0.2,0.7,0.053,0.947,0.0,0.1759
335,-0.9945,0.11593711083437112,0.36304275633042765,0.13,0.828,0.042,0.9946
336,-0.995,-0.042154792248250174,0.3441554395760004,0.071,0.87,0.059,0.9413
337,-0.9993,-0.12456349206349206,0.6467195767195766,0.031,0.771,0.197,-0.9978
338,-0.9948,0.04531836219336218,0.30407287157287155,0.117,0.841,0.042,0.9771
339,-0.9875,0.055232377685207876,0.4071747120803725,0.175,0.818,0.007,0.9983
340,-0.9993,0.09183482142857143,0.4088720238095238,0.073,0.852,0.075,-0.9165
341,-1.0,-0.05890756302521009,0.45076097105508867,0.067,0.852,0.081,-0.8563
342,-0.9998,0.04139835858585859,0.39105339105339104,0.108,0.809,0.083,0.9447
343,-0.9915,0.04406933213536986,0.3423225516621744,0.122,0.824,0.053,0.9868
344,-0.9822,-0.01204581529581529,0.39145057720057724,0.041,0.869,0.089,-0.9928
345,0.7998,0.0,0.3,0.081,0.919,0.0,0.7096
346,-0.9969,0.02436868686868687,0.37888014763014766,0.059,0.863,0.078,-0.947
347,-1.0,0.02559641445511012,0.4069311123658949,0.129,0.753,0.118,0.2988
348,-0.9993,0.006948757763975155,0.4274293791956835,0.095,0.813,0.092,-0.3749
349,-0.9999,0.0437461348175634,0.39275922490208204,0.096,0.823,0.081,0.9389
350,-0.9998,0.11169030530872635,0.4563851864509758,0.077,0.885,0.038,0.9925
351,-0.9477,0.04146522698246837,0.4231812376639963,0.159,0.779,0.062,0.9981
352,-0.9985,0.03597560975609756,0.2889149468417761,0.014,0.976,0.01,0.3716
353,-0.994,0.1075595753452896,0.2974079571222429,0.069,0.871,0.059,0.7564
354,-0.9965,0.09479475098259631,0.498033571707605,0.138,0.81,0.052,0.9996
355,-0.9999,0.02530179847253018,0.4999445676274946,0.104,0.844,0.053,0.9692
356,-0.9921,-0.04760912698412699,0.432281746031746,0.07,0.851,0.078,-0.7776
357,0.7113,0.10621420389461628,0.5077033218785796,0.139,0.81,0.051,0.9982
358,-0.9988,0.07368219229330343,0.424570172625728,0.082,0.804,0.114,-0.9825
359,-0.9968,0.4,0.8,0.044,0.79,0.166,-0.936
360,0.5313,0.08613990785043417,0.43314504696083644,0.143,0.831,0.026,0.9957
361,-0.9975,0.08531230674087817,0.3106679035250465,0.07,0.852,0.078,-0.4215
362,-0.9988,0.06809116809116808,0.40982905982905987,0.036,0.794,0.17,-0.9986
363,-0.9998,0.11335594753505197,0.4798212939630851,0.152,0.792,0.056,0.9992
364,-0.8242,0.09936938962912989,0.523824234928131,0.14,0.817,0.043,0.998
365,0.902,0.09154040404040405,0.4850288600288599,0.165,0.802,0.033,0.9981
366,-0.9875,0.09347271181199754,0.3739130076272933,0.078,0.884,0.039,0.9858
367,-0.9997,0.5,0.6944444444444444,0.23,0.77,0.0,0.8065
368,0.9782,0.0,0.25,0.138,0.758,0.104,0.296
369,0.9823,0.36,0.37,0.387,0.613,0.0,0.9509
370,-0.9545,0.11594827586206893,0.46824712643678157,0.102,0.826,0.072,0.9397
371,-0.9991,0.0909090909090909,0.4272727272727273,0.079,0.828,0.093,-0.872
372,-0.9961,0.1337312097351467,0.5045014827691993,0.164,0.755,0.081,0.999
373,-0.9989,0.01297160797160797,0.34672410172410173,0.053,0.903,0.044,0.8052
374,0.9306,0.1572801788375559,0.4035295578738202,0.133,0.811,0.056,0.9933
375,-0.9987,0.20010442773600667,0.5064536340852128,0.132,0.811,0.058,0.9919
376,-0.9945,0.11322026834449195,0.4898882122018768,0.082,0.879,0.039,0.9968
377,-0.9995,0.016197691197691204,0.27911255411255415,0.058,0.863,0.079,-0.7269
378,-0.9996,-0.03653817082388511,0.38147392290249443,0.109,0.81,0.081,0.9645
379,-0.9692,0.08850065278636708,0.4525115757258617,0.074,0.882,0.044,0.9942
380,-0.9998,0.015123456790123458,0.44475308641975303,0.083,0.8,0.117,-0.965
381,0.8569,0.31666666666666665,0.6666666666666666,0.151,0.826,0.022,0.9042
382,-0.9896,0.04392534366218578,0.3597976000607578,0.098,0.801,0.101,-0.5241
383,0.9949,0.10664335664335667,0.5330419580419582,0.105,0.865,0.03,0.9878
384,-0.9144,0.005964052287581696,0.3692320261437909,0.074,0.795,0.131,-0.8402
385,0.9933,0.015047619047619056,0.43685714285714283,0.103,0.866,0.031,0.9776
386,-0.9998,0.08729615705931494,0.3277289055973267,0.095,0.837,0.068,0.9696
387,-0.9979,0.09219233147804577,0.40764422652177745,0.072,0.891,0.037,0.9649
388,-0.9946,0.04623107448107449,0.2885140415140415,0.076,0.852,0.072,0.7217
389,0.9296,0.1151359828443162,0.4253687670354337,0.179,0.766,0.055,0.999
390,-0.979,0.13738447789584154,0.3748830840876293,0.067,0.9,0.033,0.9894
391,-0.9232,0.16163194444444443,0.35347222222222224,0.048,0.906,0.046,0.4385
392,-0.9976,0.04920899470899472,0.30971560846560847,0.083,0.877,0.04,0.9825
393,-0.6509,0.15442447719828672,0.47791962711010333,0.107,0.802,0.091,0.9819
394,-0.9319,0.08932291666666665,0.47604166666666664,0.067,0.913,0.02,0.9468
395,-0.9987,0.050925925925925916,0.3861111111111111,0.072,0.844,0.084,-0.0706
396,-0.9969,0.18166666666666667,0.43916666666666665,0.065,0.908,0.027,0.8979
397,-0.9994,0.02294578437435581,0.4344753659039373,0.127,0.783,0.09,0.9875
398,-0.8135,-0.034328438973961366,0.41890313045163785,0.109,0.785,0.106,-0.9327
399,-0.9979,0.0997982421618785,0.46532867637413067,0.072,0.852,0.076,-0.8857
400,-0.9984,0.1004937404937405,0.4236492336492337,0.09,0.891,0.019,0.9792
401,0.9924,0.21428571428571427,0.6428571428571429,0.215,0.696,0.089,0.7184
402,-0.9931,0.08432478423044458,0.39203075226660133,0.088,0.826,0.085,-0.4829
403,-0.9984,-0.031746031746031744,0.34325396825396826,0.032,0.942,0.026,0.0732
404,-0.9996,0.06753419913419914,0.4491743145743146,0.078,0.88,0.042,0.9821
405,-0.9711,-0.0069871794871794865,0.23070512820512817,0.108,0.861,0.031,0.9796
406,0.5709,0.10953947368421052,0.4292763157894738,0.043,0.957,0.0,0.902
407,-0.9061,0.0203125,0.23385416666666667,0.076,0.837,0.087,-0.9112
408,-0.9959,0.17655009920634923,0.47237103174603173,0.073,0.897,0.031,0.7902
409,-0.979,0.0739109052711994,0.43336723325693904,0.112,0.818,0.071,0.9851
410,0.676,0.1649207862844226,0.48074506301779013,0.12,0.844,0.036,0.9984
411,-0.9982,0.07228752106903369,0.40186365455273015,0.064,0.864,0.072,0.6417
412,-0.9998,0.0756547619047619,0.3663690476190476,0.08,0.874,0.045,0.8268
413,-0.9879,0.04584195997239476,0.4775793650793651,0.063,0.896,0.041,0.9087
414,0.7495,0.1633928571428571,0.43234126984126986,0.139,0.824,0.037,0.9986
415,0.7231,0.1590986867363014,0.521163138594331,0.073,0.824,0.103,-0.9833
416,-0.9991,-0.019032764620999884,0.46275570834394364,0.055,0.877,0.068,0.014
417,-0.9781,0.11608203570890137,0.40098684068833323,0.124,0.802,0.074,0.9826
418,-0.9969,0.07223600803957948,0.3673144712430426,0.105,0.841,0.054,0.923
419,-0.9755,0.18,0.29333333333333333,0.058,0.902,0.04,0.2263
420,-0.9999,-0.027287878787878785,0.3435757575757576,0.032,0.855,0.113,-0.9967
421,-0.8989,0.12334739803094233,0.39886916880587764,0.097,0.877,0.026,0.9978
422,0.9141,0.09784217839773399,0.3937944257388703,0.153,0.801,0.046,0.9988
423,-0.999,0.05627585377585379,0.39998223998224,0.079,0.778,0.144,-0.9985
424,-0.9515,0.2559420289855073,0.49731884057971004,0.103,0.882,0.016,0.9852
425,-0.9962,0.07598710317460318,0.47500496031746026,0.086,0.843,0.071,0.9565
426,-0.9898,-0.029112554112554128,0.34894029581529584,0.074,0.888,0.038,0.8816
427,-0.8862,0.07698874123292729,0.4362204333134565,0.046,0.894,0.06,-0.7506
428,-0.9665,0.06767857142857144,0.20589285714285716,0.062,0.837,0.101,-0.8873
429,-0.9987,0.09049293154761906,0.40847470238095235,0.08,0.851,0.068,0.926
430,-1.0,-0.038023739377906055,0.4529845077761743,0.08,0.818,0.102,-0.9694
431,-0.9991,-0.019032764620999884,0.46275570834394364,0.055,0.877,0.068,0.014
432,0.8775,0.34285714285714286,0.6678571428571429,0.149,0.851,0.0,0.6166
433,-0.8629,0.11604743083003952,0.3240711462450593,0.116,0.831,0.053,0.9776
434,-0.9447,0.05518715684476555,0.3866486492573447,0.093,0.823,0.084,0.94
435,-0.6451,0.09461845127661453,0.43646424154077196,0.148,0.819,0.033,0.9995
436,-0.9984,0.08140550807217473,0.4397147040202596,0.09,0.834,0.076,0.9375
437,0.5252,0.06128334628334632,0.3993717393717392,0.081,0.848,0.071,-0.93
438,-0.9981,0.04700484700484701,0.3708328708328708,0.039,0.904,0.056,-0.7901
439,-0.9713,0.057322822379640564,0.36376877541650265,0.064,0.87,0.066,-0.4802
440,-0.9999,-0.004289567197730461,0.45188238065789094,0.083,0.81,0.107,-0.9811
441,-0.9995,0.06275085440874915,0.4682285511759197,0.078,0.842,0.079,0.4639
442,-0.9278,0.07211498547114985,0.471341101820554,0.093,0.815,0.092,0.5855
443,-0.9001,0.07365740740740741,0.3861309523809524,0.087,0.835,0.078,0.2764
444,-0.973,0.17857142857142858,0.6714285714285715,0.025,0.951,0.025,0.0
445,-0.999,0.10533530106257376,0.3769964580873673,0.095,0.848,0.057,0.8838
446,0.9847,0.09885236705190836,0.4178736248461021,0.13,0.819,0.05,0.9993
447,-0.9883,-0.006862745098039217,0.2916666666666667,0.098,0.855,0.047,0.8074
448,-0.9908,-0.00795009784735812,0.37764187866927607,0.078,0.901,0.021,0.9976
449,-0.9992,0.042606209150326806,0.3279003267973857,0.103,0.785,0.112,-0.9587
450,-0.9843,0.06331268168224691,0.4055053119183554,0.093,0.832,0.075,0.9897
451,-0.9997,0.1407282647907648,0.47284722222222225,0.145,0.788,0.067,0.9983
452,0.9363,0.10069391392920805,0.3865800865800866,0.118,0.844,0.038,0.9954
453,-0.999,0.02197941888619855,0.30766374868069785,0.022,0.928,0.051,-0.9287
454,0.8337,0.1334629912571089,0.4295303879127408,0.183,0.788,0.029,0.9998
455,-0.8676,0.02626771749755622,0.34516129032258036,0.161,0.81,0.029,0.9995
456,-0.8368,-0.018300014974543265,0.4540451712857375,0.051,0.882,0.067,-0.9499
457,-0.9994,0.1044642857142857,0.36071428571428577,0.082,0.818,0.1,-0.8702
458,-0.5631,0.08007373845060413,0.4459186211798152,0.142,0.791,0.067,0.9986
459,-0.9978,0.035846185064935074,0.4022997835497835,0.06,0.814,0.126,-0.9854
460,0.9947,0.07463450292397662,0.35299707602339186,0.13,0.852,0.018,0.9881
461,-0.9882,-0.15555555555555556,0.33333333333333337,0.032,0.882,0.086,-0.5859
462,-0.9995,0.05359435974653368,0.3760014430014428,0.124,0.784,0.091,0.9891
463,-0.9992,-0.036144931457431445,0.3641481782106782,0.092,0.842,0.066,0.888
464,-0.9932,-0.0069871794871794865,0.23070512820512817,0.112,0.857,0.031,0.9753
465,-0.9877,0.11808561249258928,0.3611651173976756,0.127,0.818,0.055,0.9998
466,-0.9999,0.07770467836257311,0.479422514619883,0.033,0.916,0.05,-0.8166
467,-0.998,0.10178339517625232,0.35537492269635124,0.09,0.823,0.087,-0.4779
468,-0.9997,0.15156250000000002,0.6546875000000001,0.022,0.914,0.064,-0.8126
469,-0.9846,0.09722473377536668,0.4456098051034757,0.131,0.829,0.04,0.9978
470,-0.7983,0.022161172161172176,0.4548534798534799,0.154,0.774,0.072,0.991
471,-0.999,0.07056547619047619,0.3109447496947498,0.086,0.851,0.064,0.9435
472,-0.9774,0.14152680652680652,0.3337645687645688,0.055,0.921,0.025,0.8553
473,-0.7035,0.1729824561403509,0.5292105263157894,0.119,0.85,0.031,0.9442
474,0.9515,0.1822843822843823,0.46317016317016313,0.043,0.949,0.009,0.7096
475,-0.9954,0.12522422889610388,0.4607747113997113,0.139,0.783,0.078,0.9978
476,-0.9802,-0.01875,0.21875000000000003,0.051,0.9,0.049,0.1027
477,0.9358,0.1,0.375,0.09,0.898,0.012,0.9257
478,-0.9983,0.06919913419913423,0.3560903679653679,0.063,0.875,0.062,0.2274
479,-0.9963,-0.0038852813852813914,0.38635697635697624,0.049,0.87,0.081,-0.998
480,-0.9871,0.07987737571070902,0.408768715852049,0.111,0.79,0.1,0.9749
481,-0.9997,0.026473063973063975,0.2919191919191919,0.067,0.79,0.144,-0.9893
482,-0.6179,-0.02961283699169164,0.3383433135635778,0.082,0.87,0.048,0.9968
483,0.6645,0.06128334628334632,0.3993717393717392,0.081,0.848,0.071,-0.93
484,-0.9997,0.5,0.6944444444444444,0.23,0.77,0.0,0.8065
485,-0.9997,0.08657772782772781,0.42690137640137643,0.103,0.801,0.097,0.9148
486,-0.9868,0.10088763575605682,0.3565685045948204,0.077,0.821,0.102,-0.9183
487,-0.9856,0.05337952697708795,0.24028270509977828,0.092,0.805,0.104,-0.9665
488,-0.9994,0.07268518518518519,0.20787037037037037,0.09,0.831,0.08,-0.3422
489,-0.999,-0.024606392106392115,0.3487376662376662,0.044,0.838,0.118,-0.9866
490,-0.9983,0.03127064459023222,0.30450210499695035,0.053,0.853,0.094,-0.9907
491,-0.9991,0.04885442571612784,0.3189397777163735,0.104,0.864,0.032,0.9978
492,-0.8318,0.002230639730639733,0.3580527497194164,0.03,0.958,0.012,0.8201
493,-0.9945,0.05981382451970688,0.4953852247969894,0.12,0.806,0.074,0.9901
494,-0.9816,0.04847274148410514,0.40879149049603586,0.135,0.82,0.046,0.9992
495,-0.9735,0.04579545454545454,0.3358806818181818,0.104,0.868,0.028,0.9933
496,-0.9997,0.05749385435992579,0.4663856936714081,0.071,0.85,0.079,-0.5093
497,-1.0,0.001778499278499285,0.35726430976430973,0.029,0.875,0.096,-0.9487
498,0.6826,0.07583444166275494,0.3660361793494324,0.087,0.816,0.097,-0.9953
499,-0.9998,0.019995080676898848,0.37965171192443925,0.074,0.806,0.12,-0.9971
500,0.9137,0.1128051058530511,0.43744914902449145,0.109,0.84,0.051,0.9904
501,-0.9992,0.02415870293228784,0.31098723079855156,0.098,0.837,0.065,0.9688
502,-0.8773,0.13725895316804407,0.4146005509641873,0.063,0.9,0.036,0.8807
503,-0.9998,0.0332220738762795,0.3913959353211691,0.088,0.835,0.077,0.9458
504,-0.8658,0.09683097205824479,0.4604250295159385,0.154,0.809,0.037,0.9995
505,-0.9978,0.11213068181818182,0.39106060606060605,0.093,0.839,0.068,0.8242
506,-0.991,0.07628968253968255,0.38832671957671955,0.055,0.907,0.038,0.5267
507,-0.9825,0.25593907828282825,0.429927398989899,0.184,0.783,0.033,0.9971
508,-0.999,0.011555059523809525,0.31303571428571425,0.053,0.898,0.049,0.5926
509,-0.975,-0.004642857142857139,0.24273809523809525,0.123,0.862,0.015,0.9735
510,-0.999,0.07023779461279461,0.2503219696969697,0.079,0.811,0.11,-0.9867
511,-0.6908,-0.018055555555555554,0.49777777777777776,0.071,0.881,0.048,0.8225
512,0.9924,0.21428571428571427,0.6428571428571429,0.215,0.696,0.089,0.7184
513,-0.9118,0.1645312249478916,0.46881513548180204,0.108,0.872,0.02,0.9962
514,0.9908,0.09585654651470979,0.43717828430073313,0.113,0.859,0.027,0.9954
515,0.7096,0.02777777777777778,0.35555555555555557,0.19,0.81,0.0,0.8225
516,-0.9943,-0.08495169082125605,0.3472705314009662,0.035,0.912,0.053,-0.6652
517,-0.9997,-0.21785714285714278,0.6749999999999999,0.021,0.886,0.093,-0.8625
518,0.9809,0.07283834586466163,0.34078947368421053,0.136,0.853,0.011,0.9946
519,-1.0,0.03940575396825398,0.3649246031746031,0.089,0.862,0.05,0.9836
520,-0.9995,0.15985221674876843,0.3578407224958948,0.133,0.794,0.073,0.991
521,-0.9984,-0.030929487179487184,0.2764423076923077,0.085,0.781,0.135,-0.9923
522,-0.8833,0.0812334006084006,0.37857486544986557,0.174,0.754,0.072,0.9992
523,-0.9906,0.06401094276094277,0.3572222222222222,0.056,0.868,0.076,-0.25
524,-0.9914,0.0396801346801347,0.39414983164983153,0.092,0.825,0.083,-0.7585
525,-0.5048,0.0777047619047619,0.3513428571428571,0.164,0.818,0.018,0.993
526,-0.9995,0.059164317594550146,0.3989278163696767,0.083,0.884,0.032,0.9967
527,-0.9987,-0.1038472222222222,0.4628055555555555,0.085,0.787,0.128,-0.976
528,-0.9849,0.0946888120254954,0.4666884204572649,0.084,0.842,0.075,0.8621
529,0.5501,0.08248242046581883,0.4795114239059557,0.135,0.801,0.064,0.9996
530,-0.5134,0.24762731481481481,0.4985284391534392,0.111,0.833,0.056,0.9538
531,-0.5657,0.017669354998122135,0.4087094032299511,0.094,0.773,0.132,-0.9901
532,-0.9971,0.07276097711811996,0.42400824572253143,0.079,0.841,0.08,-0.7578
533,-0.9993,0.004816457255481659,0.41731953683173206,0.07,0.872,0.058,0.8824
534,-0.9137,0.04429618001046572,0.3504884004884004,0.139,0.765,0.096,0.9865
535,-0.9998,0.033784219001610306,0.366535541752933,0.086,0.789,0.125,-0.9936
536,-0.9999,0.06410714285714288,0.32666666666666666,0.08,0.888,0.032,0.9455
537,-0.9999,-0.06011576078242744,0.4437196568863235,0.037,0.827,0.136,-0.9915
538,-0.9578,0.0011924390968508609,0.3524116161616161,0.101,0.8,0.099,-0.0516
539,-0.5365,0.11766666666666667,0.43418759018759023,0.065,0.88,0.055,0.359
540,-0.9996,0.08611173309449173,0.4965629198387819,0.087,0.886,0.028,0.9872
541,-0.9281,0.09442782106782106,0.4962622222222224,0.094,0.861,0.045,0.9964
542,-0.9961,0.01225875454748694,0.32115612869133997,0.1,0.832,0.068,0.9751
543,-0.998,0.18694444444444444,0.4283333333333334,0.074,0.899,0.027,0.5106
544,-0.9997,0.05749385435992579,0.4663856936714081,0.073,0.848,0.079,-0.4003
545,-0.984,-0.00661764705882353,0.18529411764705883,0.063,0.874,0.063,-0.461
546,-0.5027,-0.00246031746031746,0.35062304711911,0.111,0.801,0.088,0.9633
547,-0.9992,0.08074947589098534,0.4127253668763102,0.153,0.814,0.033,0.9977
548,0.5472,0.005422077922077927,0.41021645021645026,0.082,0.872,0.046,0.8968
549,-0.7531,0.1044112554112554,0.38506926406926406,0.121,0.863,0.016,0.9901
550,-0.8646,0.08843253968253968,0.392420634920635,0.085,0.855,0.06,0.9339
551,-0.9989,0.06140717520027864,0.5379919888540577,0.084,0.861,0.055,0.5251
552,-0.999,0.06326530612244897,0.34977324263038545,0.088,0.872,0.04,0.882
553,-0.9991,-0.039197769197769204,0.39138567138567143,0.09,0.804,0.105,-0.2204
554,-0.9993,-0.037179487179487165,0.4224358974358974,0.035,0.841,0.124,-0.986
555,-0.5953,0.07378448992085358,0.4143092905971692,0.113,0.859,0.028,0.9996
556,-0.9999,0.04329749103942653,0.35616487455197127,0.068,0.908,0.024,0.9873
557,-0.5781,0.09357236652236653,0.35526529581529553,0.16,0.803,0.038,0.9991
558,0.9988,0.07577233372687918,0.4275113144431326,0.171,0.793,0.036,0.9971
559,-0.9055,0.0961111111111111,0.3339814814814815,0.033,0.916,0.051,-0.8128
560,-1.0,0.07075868055555556,0.4093948638167387,0.111,0.798,0.09,0.991
561,-0.9869,0.04378265454352409,0.3692341293971729,0.096,0.786,0.118,-0.9901
562,-0.9938,0.11446545657071973,0.320684539631908,0.149,0.822,0.029,0.9976
563,-0.9998,0.015928683385579942,0.295121473354232,0.067,0.827,0.107,-0.9912
564,-0.9515,0.07324634330316147,0.340742981765709,0.098,0.834,0.068,0.9918
565,0.9799,0.07891941976152504,0.3558310928837244,0.144,0.814,0.042,0.9983
566,-0.997,0.04790229885057471,0.3574801061007958,0.034,0.928,0.038,-0.296
567,-0.9996,0.11485215677179962,0.4685078463203466,0.113,0.809,0.077,0.9944
568,0.9916,0.10190950655624569,0.45263888888888876,0.184,0.801,0.015,0.9995
569,-0.9982,0.05529569892473118,0.3547849462365591,0.129,0.816,0.055,0.9818
570,-0.5975,0.0983446163765313,0.5055399742101868,0.109,0.84,0.05,0.9964
571,-0.9987,0.13675131945679891,0.47084939413706534,0.089,0.782,0.129,-0.9914
572,-0.9992,0.06156250000000001,0.39219298245614026,0.072,0.867,0.061,0.8614
573,-0.7548,0.022958233723159107,0.38110150007538063,0.081,0.826,0.093,-0.9831
574,-0.9984,-0.1452651515151515,0.49199009324009324,0.046,0.788,0.167,-0.9623
575,0.8769,0.1297731110497068,0.42875498910073345,0.11,0.852,0.038,0.9992
576,0.6227,0.10516798835382904,0.38425500261783446,0.123,0.8,0.077,0.9964
577,-0.9976,0.03174887977519556,0.37023714589504064,0.095,0.843,0.062,0.9517
578,-0.9867,0.11925240500240503,0.528857263107263,0.083,0.812,0.106,-0.8167
579,-0.9993,-0.020291716081189765,0.42052583868373344,0.079,0.799,0.122,-0.9819
580,-0.9998,0.11413904503456741,0.38254413358890976,0.098,0.814,0.087,0.9683
581,-0.9995,0.026664811379097094,0.38198701298701293,0.07,0.884,0.046,0.7003
582,-0.8172,0.0593978803642669,0.3296463737009956,0.121,0.779,0.101,0.9707
583,-0.9939,0.047508077671121154,0.3743310433527825,0.12,0.85,0.03,0.9949
584,-0.9986,0.21818181818181817,0.440909090909091,0.047,0.8,0.153,-0.9702
585,0.9515,0.08899821193299454,0.4224336533032185,0.08,0.896,0.024,0.9136
586,-0.9998,0.0739978584026203,0.5076461325270847,0.12,0.798,0.082,0.9923
587,0.6458,0.12450403606418647,0.37357056060063554,0.199,0.779,0.022,0.9998
588,-0.999,0.021409478055819522,0.37175320275930024,0.072,0.821,0.107,-0.9752
589,-0.9993,0.005321067821067823,0.21329365079365079,0.087,0.851,0.062,0.5183
590,-0.971,0.1053458049886621,0.40779195011337876,0.096,0.861,0.044,0.9571
591,0.6694,0.026274509803921573,0.46857843137254895,0.068,0.873,0.059,-0.3736
592,-0.9996,0.04981850821136537,0.35746349549920975,0.078,0.877,0.045,0.9925
593,-0.9999,-0.01099933862433863,0.4507371504157219,0.115,0.813,0.072,0.9859
594,-0.9942,0.13340827102190736,0.42117877072422527,0.089,0.831,0.081,0.8977
595,-1.0,0.05199652777777778,0.4311755952380952,0.094,0.764,0.142,-0.9878
596,0.5463,0.055901360544217675,0.5460260770975056,0.143,0.804,0.053,0.9939
597,-0.5406,0.17348484848484846,0.3405050505050505,0.225,0.775,0.0,0.9734
598,0.9169,-0.0009991809991809907,0.32214987714987714,0.093,0.874,0.033,0.9769
599,-0.9999,0.04628156565656567,0.4015404040404041,0.038,0.935,0.028,0.6908
600,-0.9888,0.07778946178199912,0.4168396653098145,0.099,0.844,0.057,0.9765
601,-0.9997,0.09330653473510615,0.5138608776844072,0.092,0.862,0.046,0.9957
602,0.7186,0.5,0.9,0.0,1.0,0.0,0.0
603,-0.9993,0.07458314069964557,0.39146055131492025,0.111,0.822,0.068,0.9946
604,-0.9994,0.0850226496429028,0.358501653058615,0.105,0.851,0.044,0.9951
605,-0.9768,0.1049620696763554,0.3751105957534528,0.102,0.863,0.035,0.9936
606,-0.9881,0.17711760461760465,0.4418398268398268,0.117,0.815,0.068,0.969
607,0.9765,0.12882634692040637,0.4527759204491878,0.168,0.828,0.004,0.9995
608,-0.9905,0.07644444444444445,0.33863247863247864,0.019,0.971,0.01,0.34
609,-0.7661,0.08035416666666666,0.39954166666666674,0.086,0.854,0.06,0.8961
610,0.8492,0.17638037032995013,0.42588508130524927,0.164,0.817,0.02,0.999
611,-0.9837,0.09580485304169514,0.4368620414673046,0.041,0.814,0.145,-0.99
612,-0.9993,-0.022916666666666655,0.4492424242424242,0.092,0.841,0.067,0.731
613,-0.9988,0.058561483561483565,0.36134608634608634,0.116,0.847,0.037,0.9888
614,-0.9992,0.0751207729468599,0.2871980676328502,0.096,0.858,0.046,0.9231
615,-0.8824,0.010916255812089149,0.4123267396184062,0.122,0.796,0.082,0.9746
616,-0.9993,0.04621212121212121,0.38484848484848483,0.049,0.914,0.037,0.296
617,-0.9963,-0.06445887445887447,0.3330735930735931,0.057,0.867,0.076,-0.6956
618,0.9781,0.13996138996138996,0.4602316602316601,0.115,0.882,0.002,0.9951
619,0.9909,0.12436252405002413,0.3981088934213934,0.078,0.907,0.015,0.9971
620,0.9959,0.08237356139795164,0.408810051736881,0.1,0.885,0.014,0.9828
621,-0.9989,0.09410183322155151,0.46197630225799236,0.125,0.803,0.072,0.9947
622,-0.7916,0.1055065856129686,0.4029533941236069,0.073,0.885,0.042,0.9083
623,-0.9964,0.06824561403508773,0.33175438596491225,0.078,0.853,0.069,0.1027
624,-1.0,0.08369565217391303,0.5522342995169083,0.093,0.81,0.096,0.0772
625,-0.9997,0.01996131954465287,0.39851010101010104,0.093,0.758,0.149,-0.9917
626,-0.9999,0.10882791044081366,0.27513382674673,0.049,0.887,0.064,-0.7722
627,-0.6383,0.039928708857280296,0.38118935958221656,0.109,0.884,0.008,0.9985
628,-0.9958,0.070898033126294,0.35179434092477574,0.053,0.854,0.093,-0.9824
629,-0.6122,0.10445075757575761,0.4992505411255411,0.16,0.673,0.167,-0.5978
630,-0.9998,0.237396694214876,0.5242424242424243,0.155,0.781,0.064,0.9186
631,-0.991,0.05443862871135599,0.47152767939131573,0.086,0.779,0.135,-0.9987
632,0.5169,0.11052884615384614,0.4009294871794872,0.058,0.859,0.084,-0.9726
633,-0.9788,0.12250710227272726,0.3688517992424243,0.05,0.918,0.033,0.8844
634,-0.9978,0.03627693602693603,0.4965867003367004,0.094,0.839,0.068,0.9556
635,-0.9998,0.056485190248348145,0.459373079162553,0.08,0.845,0.075,0.6402
636,-0.9994,-0.0294753086419753,0.32253086419753085,0.032,0.926,0.042,-0.6705
637,-0.9984,0.04266038105021157,0.3832023626091424,0.104,0.791,0.106,-0.8514
638,-0.9997,0.5,0.6944444444444444,0.23,0.77,0.0,0.8065
639,-0.9892,0.13456790123456788,0.41657848324515,0.129,0.839,0.031,0.9967
640,-0.9998,0.006811447811447812,0.38306902356902356,0.077,0.845,0.078,-0.7395
641,-0.9933,0.04519400352733686,0.3403574820241487,0.038,0.934,0.028,0.6652
642,-0.9981,0.030570887445887446,0.37691326530612257,0.053,0.845,0.102,-0.994
643,-0.9997,0.5,0.6944444444444444,0.23,0.77,0.0,0.8065
644,0.9932,0.04712301587301588,0.4135912698412699,0.169,0.814,0.017,0.9935
645,-0.9979,0.023611111111111104,0.4347222222222222,0.103,0.816,0.081,0.7814
646,-0.9941,0.08915402180866097,0.409454114041743,0.123,0.81,0.066,0.9962
647,0.984,0.06004967709885744,0.47664100016559013,0.088,0.897,0.016,0.9945
648,-0.9968,0.20250000000000004,0.485,0.041,0.945,0.014,0.4939
649,-0.9839,0.029812534209085938,0.3899376868342385,0.088,0.792,0.12,-0.7479
650,0.8775,0.34285714285714286,0.6678571428571429,0.149,0.851,0.0,0.6166
651,-0.6885,0.0,0.0,0.062,0.938,0.0,0.1027
652,-0.9998,0.056850423881673884,0.32332747113997107,0.121,0.864,0.015,0.9977
653,-0.9644,0.12296176046176048,0.46655242905242905,0.099,0.895,0.006,0.9799
654,-0.9997,0.09486111111111112,0.5005555555555555,0.103,0.834,0.063,0.9581
655,-0.5353,0.13380350183499787,0.4312384553329435,0.168,0.773,0.059,0.9997
656,-0.9372,0.1763125763125763,0.48580586080586075,0.15,0.822,0.028,0.9963
657,-0.9999,-0.03000000000000001,0.410787037037037,0.031,0.872,0.097,-0.9843
658,-0.9967,0.04240833760496683,0.39811499673859224,0.066,0.845,0.089,-0.9732
659,0.816,0.09493506493506494,0.19325974025974027,0.043,0.957,0.0,0.9836
660,0.9672,0.12214912280701752,0.30000000000000004,0.078,0.898,0.024,0.97
661,-0.9995,-0.17361111111111113,0.2611111111111111,0.0,0.988,0.012,-0.25
662,0.8775,0.34285714285714286,0.6678571428571429,0.149,0.851,0.0,0.6166
663,-0.7396,0.10566395244966673,0.37655620834192266,0.068,0.896,0.036,0.9709
664,0.9553,0.07623216289882956,0.5058352038907593,0.134,0.753,0.113,0.959
665,-0.9949,0.09494949494949495,0.37171717171717167,0.02,0.968,0.012,0.0516
666,-0.9626,0.09356060606060607,0.22992424242424245,0.055,0.928,0.017,0.7351
667,-0.9999,-0.20368071818891484,0.6031959229295297,0.066,0.767,0.167,-0.9995
668,0.5482,0.09436638043195421,0.4555555555555554,0.082,0.873,0.046,0.9911
669,-0.9216,0.007083333333333338,0.3588888888888889,0.108,0.838,0.054,0.9706
670,-1.0,0.004607907027261869,0.404686651460845,0.099,0.767,0.134,-0.9951
671,0.9413,0.13836109542631284,0.463377564464521,0.148,0.852,0.0,0.9939
672,-0.9953,-0.08114933114933115,0.3782009282009282,0.081,0.868,0.051,0.9423
673,0.8521,0.0870580808080808,0.4469065656565656,0.11,0.796,0.095,0.6249
674,-0.878,0.20845238095238097,0.3963690476190476,0.135,0.815,0.05,0.9895
675,-0.9872,0.01417748917748918,0.4100912108724609,0.08,0.862,0.058,0.8363
676,-0.7797,0.046897212869435094,0.38617658062102506,0.081,0.841,0.078,-0.1779
677,-0.9995,0.05357142857142857,0.30476190476190473,0.084,0.797,0.118,-0.7351
678,-0.9956,-0.009433593750000021,0.4228450520833332,0.106,0.828,0.066,0.9872
679,-0.9986,0.020106246799795183,0.35820079562015056,0.091,0.883,0.027,0.9782
680,-0.8861,0.10047480297480299,0.40863192363192363,0.077,0.879,0.044,0.9885
681,-0.9709,0.03644755828966356,0.38422047068428644,0.106,0.791,0.103,-0.5118
682,-0.9997,0.5,0.6944444444444444,0.23,0.77,0.0,0.8065
683,-0.9994,0.07781944444444445,0.4319424603174603,0.077,0.828,0.096,-0.9038
684,-0.957,0.030630665630665632,0.4887606837606837,0.1,0.813,0.087,0.7935
685,-0.9993,0.10613183113183115,0.40018777518777493,0.16,0.788,0.052,0.9981
686,0.9926,0.10256535947712415,0.38460784313725493,0.058,0.868,0.074,-0.9394
687,-0.9979,0.0661096256684492,0.46129679144385033,0.06,0.865,0.075,-0.8922
688,-0.9931,-0.01857060868424505,0.40718647514102047,0.068,0.828,0.104,-0.9851
689,-0.9968,0.06804464914930031,0.36338593576965644,0.148,0.809,0.043,0.9966
690,0.9936,0.12199074074074076,0.4370370370370371,0.109,0.874,0.017,0.9873
691,-0.9959,0.05154150197628459,0.43641884685362947,0.079,0.835,0.086,-0.5998
692,-0.9998,0.05729792016982099,0.41192992498777603,0.118,0.798,0.084,0.9957
693,-0.9945,-0.026944895382395372,0.47699089105339104,0.066,0.81,0.124,-0.9944
694,-0.9998,0.09886189079737467,0.34920402178466686,0.074,0.843,0.083,-0.7134
695,-0.9975,-0.007256235827664393,0.3715986394557823,0.089,0.872,0.039,0.872
696,-0.8251,0.11439613526570049,0.5321014492753623,0.039,0.911,0.05,-0.1062
697,-0.9999,0.05427038239538239,0.4055587765409193,0.139,0.853,0.008,0.998
698,-0.9699,0.20303030303030303,0.4083333333333334,0.0,0.981,0.019,-0.2023
699,-0.9684,0.03151300236406618,0.35962174940898345,0.068,0.89,0.042,0.8943
700,-0.9337,0.09609036796536792,0.46810497835497855,0.084,0.842,0.075,0.8732
701,-0.9999,0.004973234082990181,0.3273161229014887,0.069,0.86,0.072,-0.9659
702,-0.9988,0.05091772151898734,0.34713080168776356,0.12,0.874,0.007,0.9989
703,-0.9628,0.02649035812672174,0.40284848484848473,0.056,0.893,0.051,0.8957
704,-0.9981,0.10416666666666667,0.36458333333333337,0.06,0.905,0.036,0.5267
705,-0.9943,-0.01423611111111111,0.31119123931623927,0.0,1.0,0.0,0.0
706,-0.9994,0.1468018478435145,0.44475609267275945,0.131,0.824,0.045,0.9976
707,-0.9993,0.028251231527093596,0.3557334428024082,0.052,0.805,0.143,-0.9986
708,-0.999,0.01521739130434782,0.40543478260869564,0.046,0.843,0.11,-0.936
709,0.9616,0.17142561983471072,0.38687327823691453,0.102,0.856,0.042,0.9958
710,-0.8978,0.15038653679653682,0.5213881385281387,0.159,0.802,0.039,0.9995
711,-0.9979,-0.0518424036281179,0.37775597418454554,0.062,0.842,0.097,-0.9193
712,0.9943,0.06773941505648823,0.38685883222468587,0.096,0.889,0.014,0.9812
713,-0.9994,-0.022946859903381644,0.2764585655890004,0.039,0.942,0.019,0.5423
714,-0.9984,-0.10104166666666664,0.35584935897435904,0.0,0.959,0.041,-0.7876
715,-0.9621,-0.13125,0.3625,0.0,0.826,0.174,-0.7096
716,-0.9998,0.07037037037037036,0.2594729344729345,0.017,0.823,0.159,-0.9823
717,0.9924,0.21428571428571427,0.6428571428571429,0.215,0.696,0.089,0.7184
718,0.5086,0.17666735968709651,0.42972404496088695,0.052,0.912,0.035,0.9579
719,-0.9962,0.04628968253968253,0.37668650793650793,0.039,0.933,0.028,0.3612
720,-0.9405,0.06992461561427081,0.3540590635418221,0.139,0.777,0.084,0.996
721,-0.8243,0.11328523328523328,0.47310846560846553,0.115,0.814,0.071,0.9923
722,0.9924,0.21428571428571427,0.6428571428571429,0.215,0.696,0.089,0.7184
723,-1.0,0.11810904612628756,0.46424867086936034,0.159,0.804,0.037,0.9997
724,-0.9973,0.03816255713982987,0.388611237247601,0.11,0.82,0.07,0.9951
725,-0.9995,0.10204984064696294,0.3510991985632274,0.115,0.817,0.068,0.998
726,-0.9995,0.13869178325700063,0.4438034590208504,0.131,0.823,0.046,0.9975
727,-0.9984,0.04886376428929619,0.38492431917963843,0.076,0.811,0.113,-0.9975
728,-0.9802,0.045106727077066054,0.40316974221635243,0.09,0.808,0.102,-0.9742
729,-0.9521,0.013856481481481485,0.4658796296296297,0.127,0.773,0.1,0.938
730,-0.9861,0.13741935483870968,0.3416129032258065,0.083,0.883,0.034,0.933
731,-0.9982,-0.0446969696969697,0.46666666666666673,0.082,0.815,0.103,-0.8176
732,-0.9999,0.06320921985815603,0.42705167173252284,0.094,0.76,0.147,-0.9898
733,-0.9927,0.019474116589045493,0.4184507054293785,0.144,0.796,0.06,0.9998
734,-0.9587,0.05206890331890332,0.33345598845598845,0.077,0.904,0.019,0.9762
735,-0.9988,0.04680966196923644,0.43982568849590115,0.077,0.887,0.036,0.9725
736,0.6066,0.09273777692895335,0.4622771836007129,0.121,0.713,0.165,-0.9937
737,-0.9269,0.10454951298701297,0.35098349567099557,0.119,0.869,0.012,0.9964
738,-0.9965,0.11812008978675645,0.43597643097643085,0.092,0.892,0.016,0.9902
739,-0.9881,0.11499999999999999,0.36,0.051,0.891,0.058,-0.1531
740,-0.9855,0.10004436254436257,0.4012114387114385,0.161,0.788,0.051,0.998
741,0.664,0.11414141414141414,0.3047979797979798,0.118,0.853,0.029,0.9758
742,-0.9996,-0.0023671611952861926,0.3972811447811448,0.085,0.834,0.081,0.1531
743,-0.9989,0.04929164526622153,0.3380029104605375,0.114,0.852,0.034,0.9942
744,-0.9854,0.061689151791891515,0.34377992251279926,0.12,0.839,0.041,0.9957
745,0.9941,0.07255026455026453,0.34115343915343915,0.135,0.826,0.04,0.997
746,-0.9975,0.08318706545979274,0.36484520529975073,0.183,0.749,0.068,0.9986
747,-0.9975,-0.12051033591731267,0.48979328165374675,0.041,0.81,0.15,-0.9892
748,-0.9984,-0.005273809523809519,0.4122976190476191,0.036,0.863,0.101,-0.9648
749,-0.9969,0.0632804232804233,0.4935978835978836,0.036,0.835,0.129,-0.9916
750,-0.9037,0.2125,0.475,0.0,0.893,0.107,-0.6517
751,0.6351,0.12370962112822578,0.46889231182254487,0.136,0.828,0.037,0.9998
752,-0.9999,0.08327565982404685,0.4546113904017131,0.084,0.79,0.127,-0.9979
753,-0.9992,0.09103845627552523,0.3770870173887414,0.094,0.847,0.06,0.9956
754,-0.9686,0.09684848484848485,0.3428484848484848,0.143,0.854,0.004,0.9944
755,-0.9871,0.0629140281206397,0.35505581195663827,0.125,0.799,0.076,0.9972
756,-0.9967,-0.006060606060606061,0.5575757575757575,0.082,0.847,0.071,0.1007
757,-0.9995,-0.06308250572956456,0.4607556659027247,0.087,0.819,0.094,-0.6122
758,-0.809,0.012230790043290043,0.385957792207792,0.083,0.79,0.127,-0.9929
759,-0.9959,-0.014855072463768116,0.3203734671125975,0.0,1.0,0.0,0.0
760,-0.8947,0.007851239669421488,0.48677685950413224,0.056,0.944,0.0,0.6381
761,-0.9999,0.026136625049668526,0.4510608151912499,0.086,0.829,0.085,0.4393
762,-0.9989,-0.06985858585858587,0.35548562548562557,0.029,0.947,0.024,0.2732
763,0.8574,0.06265463917525774,0.3554295532646045,0.134,0.828,0.039,0.998
764,-0.9997,0.5,0.6944444444444444,0.23,0.77,0.0,0.8065
765,-0.9918,0.07508784124637784,0.4601095155973203,0.111,0.859,0.03,0.998
766,-0.9994,-0.07027777777777779,0.403015873015873,0.073,0.808,0.119,-0.9638
767,-0.9974,0.1489057239057239,0.3940684624017957,0.091,0.853,0.055,0.9673
768,0.8545,0.05678524374176547,0.27322134387351776,0.077,0.889,0.034,0.9292
769,-0.8251,0.03615796719244995,0.3678749730473867,0.149,0.836,0.015,0.9991
770,-0.9993,0.06941043083900228,0.3881859410430839,0.092,0.883,0.025,0.926
771,-0.9376,-0.11990740740740741,0.4328703703703704,0.024,0.859,0.118,-0.9682
772,0.6164,0.04983544864226683,0.37777671192443907,0.124,0.818,0.058,0.9962
773,-0.999,0.07138430892778717,0.3826760148064496,0.086,0.833,0.081,0.6204
774,-0.7414,-0.041666666666666664,0.325,0.074,0.887,0.039,0.6059
775,-0.9998,0.024864024864024864,0.37409748371286833,0.1,0.825,0.076,0.9125
776,-0.9997,0.04913793103448275,0.3120689655172414,0.083,0.846,0.071,0.4981
777,-0.9969,0.06093137254901961,0.2738725490196079,0.121,0.828,0.051,0.9944
778,-0.9995,-0.010374433995123652,0.441382793451759,0.056,0.83,0.114,-0.9716
779,-0.9989,0.04240896063812735,0.4432637385762386,0.152,0.761,0.088,0.9917
780,-0.9971,0.06509958071278828,0.3077777777777778,0.048,0.907,0.045,0.7041
781,-0.9937,0.02381296154825568,0.4144159663865544,0.104,0.843,0.053,0.9901
782,-0.9937,0.0462918283823456,0.35321307284669345,0.084,0.82,0.095,-0.9461
783,-0.9999,0.0563828502415459,0.38175120772946863,0.061,0.832,0.107,-0.9846
784,-0.9969,-0.023902821316614416,0.35906478578892376,0.04,0.928,0.032,0.1901
785,-0.8171,0.22608813700918964,0.4877694235588972,0.193,0.789,0.018,0.9992
786,-0.784,0.10949040090344436,0.47860977790325615,0.1,0.846,0.053,0.9805
787,-0.9787,0.09155764578558698,0.4077620908503261,0.071,0.89,0.039,0.9603
788,-0.9935,0.0902427786638313,0.47824915824915826,0.152,0.818,0.029,0.9963
789,-0.9997,0.06051959209175702,0.3727596286874638,0.113,0.806,0.081,0.9815
790,-0.9452,-0.02962962962962963,0.46509971509971515,0.048,0.874,0.078,-0.9252
791,-0.9915,-0.019345402072674805,0.35090974681883774,0.062,0.843,0.095,-0.9735
792,-0.8297,0.1804825396825397,0.4138984126984127,0.077,0.899,0.024,0.9716
793,-0.9942,0.06057692307692308,0.28205128205128205,0.129,0.853,0.018,0.9936
794,0.9944,0.1,0.4,0.152,0.848,0.0,0.3612
795,0.9632,0.04720554647706966,0.32586037766501325,0.115,0.848,0.038,0.9988
796,-0.9979,0.07343597262952099,0.4211178606339897,0.087,0.829,0.085,0.5083
797,-0.8464,0.1,0.4,0.142,0.858,0.0,0.872
798,0.9655,0.1024258149258149,0.5230355292855294,0.184,0.783,0.032,0.9998
799,-0.9919,0.03962121212121213,0.41503314393939394,0.087,0.888,0.025,0.9987
800,0.9898,0.00560766813381875,0.3934340415511966,0.114,0.841,0.045,0.9998
801,-0.9991,-0.0949812074230679,0.4476767676767675,0.035,0.768,0.198,-0.9977
802,-0.9994,0.0314889971139971,0.34704184704184704,0.047,0.857,0.096,-0.9781
803,-0.9989,0.10917296340023616,0.47781208185753643,0.098,0.83,0.072,0.9597
804,0.816,0.09493506493506494,0.19325974025974027,0.043,0.957,0.0,0.9836
805,-0.9995,0.0020833333333333467,0.55625,0.022,0.914,0.064,-0.8126
806,-0.9991,0.039317416590143865,0.3275788184879093,0.082,0.856,0.062,0.9595
807,0.7905,0.09273194723898946,0.4038139950816007,0.143,0.821,0.036,0.9985
808,-0.9982,0.08262471655328799,0.3944160997732426,0.091,0.833,0.076,-0.2732
809,-0.9937,0.03473178994918123,0.37350555241859573,0.134,0.716,0.15,-0.9897
810,-0.9995,0.08759887005649716,0.30699354317998384,0.118,0.875,0.007,0.9975
811,-0.9985,0.02954069739784025,0.3485692878550021,0.055,0.855,0.089,-0.9852
812,-1.0,0.0927907647907648,0.4679451659451659,0.058,0.891,0.051,-0.6678
813,-0.9995,0.1096265284423179,0.411018177728704,0.075,0.853,0.071,-0.4497
814,-0.9533,0.03883812615955473,0.29977504638218927,0.036,0.905,0.06,-0.9186
815,-0.9971,0.07903225806451614,0.4767758227435646,0.112,0.876,0.012,0.9955
816,-0.8091,0.049166144200626954,0.4015653082549633,0.092,0.847,0.061,0.9808
817,-0.8757,0.05132275132275132,0.4441137566137567,0.124,0.823,0.052,0.9882
818,-0.9981,0.07747252747252747,0.45178571428571435,0.217,0.763,0.02,0.9953
819,-0.9921,0.05014675052410902,0.2797050014974543,0.04,0.849,0.111,-0.9915
820,-0.9825,0.02148760330578513,0.4382920110192838,0.081,0.835,0.084,-0.3716
821,-0.9993,0.11957482993197278,0.521751700680272,0.186,0.766,0.048,0.9963
822,-0.8183,0.11034994894644018,0.39931541817506766,0.142,0.819,0.039,0.9997
823,-0.8666,-0.0016798756798756783,0.34570175124021274,0.04,0.874,0.085,-0.9824
824,-0.6226,0.02929599020508112,0.30463422099785736,0.121,0.796,0.083,0.9868
825,-0.9774,0.05386150234741786,0.34654929577464777,0.052,0.906,0.042,0.802
826,-0.8644,0.10159920634920634,0.35935317460317456,0.156,0.67,0.175,-0.9552
827,0.9283,0.0887614380769143,0.466244245172817,0.101,0.815,0.084,0.994
828,0.5019,0.10867103575436905,0.45799540822688944,0.14,0.836,0.024,0.9986
829,-0.9988,0.10468215994531785,0.26508885850991115,0.087,0.87,0.043,0.8905
830,-0.9964,0.125,0.5444444444444444,0.148,0.784,0.068,0.9631
831,-0.9983,0.09655762476517196,0.4204651637670505,0.101,0.819,0.08,0.9883
832,0.9924,0.21428571428571427,0.6428571428571429,0.215,0.696,0.089,0.7184
833,-0.9493,0.11077766077766078,0.4298945048945049,0.128,0.832,0.04,0.9875
834,-0.9998,0.0208974358974359,0.38391025641025645,0.109,0.808,0.083,0.9032
835,-0.8715,0.04124512099921936,0.3672443403590943,0.092,0.866,0.042,0.9682
836,-0.9995,0.08757215007215008,0.38576582148010713,0.097,0.829,0.074,0.9109
837,-0.9991,0.05513609123303001,0.33285699561209764,0.097,0.846,0.057,0.9897
838,-0.9996,0.13901510956743515,0.4229627252592369,0.131,0.796,0.073,0.9993
839,0.9971,0.05789141414141414,0.5038510101010101,0.116,0.845,0.038,0.8882
840,-0.999,0.1087389533543381,0.45083501968117345,0.106,0.828,0.067,0.9973
841,0.8775,0.34285714285714286,0.6678571428571429,0.149,0.851,0.0,0.6166
842,-0.9725,0.12002410468319559,0.4449035812672176,0.087,0.906,0.007,0.9891
843,-0.9997,0.05315310846560846,0.42915932612361185,0.104,0.814,0.082,0.9497
844,-0.9996,0.01234567901234568,0.3262345679012346,0.119,0.836,0.046,0.9884
845,-0.9982,0.0677979797979798,0.38063154087292,0.117,0.847,0.036,0.9986
846,0.816,0.09493506493506494,0.19325974025974027,0.043,0.957,0.0,0.9836
847,-0.9741,0.10122377622377622,0.39921328671328676,0.075,0.905,0.02,0.9779
848,-0.9995,0.07445400432900433,0.37474350649350663,0.121,0.803,0.077,0.9913
849,-0.9998,-0.033134920634920635,0.4136243386243386,0.055,0.873,0.072,-0.8192
850,-0.8557,0.1070526695526696,0.36578884078884066,0.106,0.854,0.04,0.9847
851,-0.9988,0.06400381364667079,0.36935889507318087,0.116,0.807,0.076,0.9916
852,-0.9998,-0.042050000000000004,0.5113384615384616,0.076,0.868,0.056,0.9344
853,-0.9967,-0.006060606060606061,0.5575757575757575,0.082,0.847,0.071,0.1007
854,-0.993,0.08260069640504426,0.42172281824455765,0.096,0.826,0.078,0.9698
855,0.6024,0.048595641646489086,0.3492251815980629,0.059,0.912,0.029,0.9183
856,-0.7167,0.07225076394194042,0.34763170924935627,0.147,0.78,0.073,0.9978
857,0.9836,0.135020202020202,0.525919191919192,0.073,0.923,0.003,0.987
858,-0.7888,0.059361471861471886,0.4418290043290044,0.105,0.876,0.02,0.9868
859,-0.9273,0.1711111111111111,0.3983333333333334,0.056,0.918,0.026,0.4215
860,-0.9967,0.08308306277056277,0.4241967667748918,0.093,0.814,0.094,0.2584
861,-0.5265,0.1552020202020202,0.33308080808080814,0.111,0.864,0.025,0.9794
862,-0.9935,0.08275006559097471,0.3735638856093402,0.072,0.847,0.081,-0.9649
863,-0.998,0.0241045751633987,0.3146909430438842,0.124,0.87,0.005,0.9989
864,-0.9997,0.08750000000000001,0.6125000000000002,0.022,0.914,0.064,-0.8126
865,-0.9799,-0.00303030303030304,0.4143939393939394,0.049,0.925,0.026,0.8126
866,-0.7585,0.06670454545454546,0.3655984848484849,0.074,0.875,0.051,0.6249
867,-0.9993,0.09678273208273208,0.413734151034151,0.099,0.849,0.052,0.9941
868,-0.999,-0.011904761904761904,0.11904761904761903,0.117,0.883,0.0,0.6248
869,-0.9999,0.058791217979959697,0.39907923937725265,0.111,0.812,0.076,0.9974
870,-0.9986,0.1117300941181538,0.4156110141931038,0.104,0.846,0.049,0.9936
871,-0.9897,0.12320797258297259,0.43168766749123905,0.105,0.863,0.032,0.9987
872,0.6504,0.040935209235209234,0.3655337662337662,0.085,0.859,0.056,0.9766
873,-0.9998,0.14264790764790766,0.4598340548340548,0.083,0.888,0.029,0.9267
874,-0.9999,0.029739650021340158,0.4128304168445013,0.141,0.808,0.052,0.9976
875,-0.9997,-0.05484715576820841,0.4869643806485911,0.064,0.814,0.122,-0.9797
876,-0.9999,0.00040849673202613253,0.4081699346405229,0.063,0.831,0.106,-0.9021
877,-0.9982,0.07381226053639849,0.3153297755883962,0.067,0.894,0.039,0.9571
878,0.9212,0.05140789270253553,0.39913954596990286,0.109,0.86,0.031,0.9992
879,-0.9973,0.012221124286341669,0.38076306543697847,0.083,0.76,0.157,-0.9946
880,-0.9948,0.10415378272521131,0.3848304473304476,0.138,0.825,0.037,0.9996
881,-0.9998,0.022085137085137093,0.30409812409812415,0.126,0.786,0.088,0.9608
882,-0.9967,0.100511544011544,0.3588823953823954,0.089,0.828,0.084,0.5416
883,-0.737,0.04969838904265134,0.28329075296288414,0.095,0.868,0.037,0.9937
884,-0.9996,-0.08220808871493804,0.3033431180691455,0.041,0.85,0.108,-0.9967
885,-0.9488,0.08126769626769625,0.3720978120978121,0.14,0.803,0.057,0.9963
886,-0.9991,0.10049528902470083,0.41476445123503947,0.089,0.813,0.098,-0.8492
887,-0.9574,0.04734126984126984,0.44781179138321997,0.076,0.87,0.054,0.836
888,0.8788,0.0671717171717172,0.2835858585858586,0.107,0.863,0.03,0.9799
889,-0.9873,0.07815285204991088,0.3317513368983957,0.083,0.882,0.035,0.9403
890,-0.6254,0.06732142857142857,0.5141716269841271,0.11,0.768,0.121,-0.7099
891,-0.998,0.058436015204307884,0.3708058811107592,0.071,0.878,0.051,0.6492
892,-0.9997,0.055123342266199415,0.3509200852057995,0.079,0.864,0.056,0.9836
893,-0.9782,0.09613071710897797,0.32161584792019576,0.157,0.793,0.05,0.9953
894,-0.9997,0.5,0.6944444444444444,0.23,0.77,0.0,0.8065
895,-0.9968,0.09273831168831166,0.3904864357864358,0.083,0.846,0.071,0.992
896,0.9978,0.10732323232323233,0.3358585858585858,0.192,0.799,0.009,0.9968
897,-0.9988,0.05513609123303001,0.33285699561209764,0.097,0.847,0.056,0.9897
898,0.9998,0.10366865375062095,0.35625434674615003,0.062,0.869,0.07,-0.9223
899,-0.9999,0.03885535809220019,0.3679277929672667,0.116,0.861,0.023,0.9984
900,-0.9289,-0.0002860724899052414,0.38337882887534436,0.078,0.804,0.118,-0.9999
901,-0.9591,-0.04453557312252965,0.3588306982872199,0.04,0.869,0.091,-0.9823
902,-0.7962,0.0,0.0,0.0,1.0,0.0,0.0
903,-0.993,0.09727011494252871,0.3439132706374086,0.036,0.942,0.022,0.7311
904,0.9932,0.0862434182358994,0.4204643727200117,0.122,0.863,0.016,0.9995
905,-0.9993,0.10236523916054119,0.433794199834468,0.118,0.846,0.036,0.9989
906,0.816,0.09493506493506494,0.19325974025974027,0.043,0.957,0.0,0.9836
907,-0.9677,0.12123790950523627,0.39197198291257696,0.158,0.776,0.067,0.9982
908,0.9599,0.09530984447651117,0.38518919352252695,0.116,0.864,0.02,0.999
909,-0.9995,0.04511363636363637,0.4220454545454546,0.034,0.94,0.026,0.4549
910,0.9112,0.07988900634249468,0.38217431793013185,0.095,0.861,0.044,0.9885
911,-0.999,0.10479437229437227,0.4587590187590187,0.161,0.809,0.03,0.9966
912,-1.0,0.1527580487030248,0.4625363857301657,0.123,0.821,0.057,0.9996
913,-0.9998,0.03583959899749374,0.46516290726817044,0.037,0.899,0.063,-0.5789
914,-0.9997,0.5,0.6944444444444444,0.23,0.77,0.0,0.8065
915,-0.9999,0.11959293394777266,0.4572427035330261,0.076,0.894,0.03,0.8981
916,-0.9922,0.03681313131313131,0.3419935064935065,0.062,0.833,0.105,-0.9962
917,-0.9979,0.11929754865730478,0.41752837947959887,0.077,0.808,0.115,-0.9882
918,-0.9997,0.10393232924482927,0.4508943602693603,0.081,0.787,0.132,-0.9978
919,-0.9997,0.002807523860155438,0.3328303762514289,0.065,0.873,0.062,-0.4508
920,-0.9918,0.09493664717348929,0.3811726966990125,0.046,0.895,0.058,-0.7315
921,-0.9918,0.08859027524915374,0.3739553437216987,0.1,0.856,0.045,0.9955
922,-0.9997,0.5,0.6944444444444444,0.23,0.77,0.0,0.8065
923,-0.8512,0.04747029986756015,0.4133833442052619,0.13,0.825,0.045,0.9978
924,-0.9946,-0.004032467532467535,0.47174891774891764,0.102,0.877,0.021,0.9842
925,-0.9983,0.03280053280053281,0.44102009102009104,0.085,0.837,0.078,-0.5177
926,-0.9985,-0.004620927318295737,0.49221491228070174,0.081,0.837,0.082,-0.4215
927,0.5102,0.06398390342052315,0.4015928906773976,0.167,0.755,0.078,0.9969
928,-0.9534,0.14559003657840863,0.36750142622235643,0.098,0.865,0.037,0.9818
929,-0.9792,0.031548821548821555,0.2718686868686869,0.116,0.871,0.013,0.9972
930,-0.9999,0.04080555555555556,0.35677777777777786,0.039,0.914,0.047,0.0243
931,-0.9996,-0.011818028307390009,0.4597594485892358,0.048,0.867,0.085,-0.9829
932,-0.9999,0.0684196127946128,0.49250210437710434,0.056,0.895,0.049,0.872
933,-0.9984,0.09096182559724222,0.3986166225749559,0.133,0.826,0.041,0.9996
934,-0.9035,0.1621212121212121,0.4515151515151515,0.136,0.864,0.0,0.6369
935,-0.9979,0.05272999417736261,0.3516322371585529,0.071,0.861,0.068,-0.6204
936,0.9658,-0.04166666666666666,0.39166666666666666,0.132,0.868,0.0,0.5927
937,-0.9996,0.04296932234432234,0.42208333333333325,0.061,0.892,0.047,0.9253
938,-0.9987,0.03553677803677804,0.32682724682724684,0.113,0.881,0.006,0.9982
939,-0.9969,0.04287391152908396,0.36883455242075913,0.115,0.854,0.031,0.9983
940,0.9898,0.00560766813381875,0.3934340415511966,0.114,0.841,0.045,0.9998
941,-0.9826,0.050480563207835935,0.30525700730246175,0.108,0.887,0.005,0.998
942,0.9498,0.08678420916831515,0.4228428084057222,0.137,0.831,0.032,0.9995
943,-0.972,0.020394857667584945,0.40155188246097334,0.114,0.847,0.038,0.9856
944,-0.9254,0.1726566102854763,0.4949405691673729,0.172,0.784,0.044,0.9991
945,-0.9986,0.07857142857142858,0.32051282051282054,0.0,1.0,0.0,0.0
946,-1.0,0.10505415219700935,0.42547127475698904,0.116,0.796,0.088,0.9902
947,-0.9996,0.04722906403940887,0.40178571428571425,0.131,0.785,0.083,0.984
948,-0.8257,0.12723502304147466,0.5114170506912442,0.141,0.842,0.018,0.9987
949,-0.9892,0.09917191876750703,0.3251820728291316,0.133,0.818,0.049,0.9978
950,-0.998,0.040421538113143904,0.4411925827619257,0.104,0.855,0.041,0.9977
951,-0.7887,0.04969838904265134,0.28984813001206444,0.098,0.864,0.038,0.9929
952,-0.5913,0.09811774388599517,0.3627693740894082,0.118,0.865,0.017,0.9999
953,-0.9721,0.11981786731786731,0.3982682132682132,0.155,0.82,0.025,0.9967
954,-0.9989,0.03565864690864691,0.4720586358086357,0.184,0.744,0.072,0.9957
955,-0.9987,-0.14144327894327893,0.44469323411631095,0.06,0.773,0.167,-0.9643
956,0.8016,0.10134227428345077,0.4164724273547802,0.053,0.871,0.076,-0.9932
957,-0.9999,0.07619647471391658,0.3813325950535253,0.063,0.881,0.055,0.9423
958,-0.7427,0.10076923076923074,0.3806410256410255,0.166,0.819,0.015,0.9971
959,-0.9997,0.5,0.6944444444444444,0.23,0.77,0.0,0.8065
960,-0.999,0.03923129601095702,0.4614620784112309,0.127,0.849,0.024,0.9979
961,0.8645,0.04918418882704598,0.44126881055452477,0.112,0.802,0.086,0.971
